id,file,side,step_length,stride_length,speed,gc_dur,stance,cadence,hs1_sec,hs2_sec,to_sec,start_frame,hs1_frame,hs2_frame,to_frame,slope,condition,height,weight,age
11,11_1F_2,Left,0.6533099254710593,1.2789237374661828,1.117940329952957,1.144,0.5979020979020978,102.6716680430241,0.132,1.276,0.816,31,33,319,204,-18,self-selected,180.0,76.0,23
11,11_1F_2,Right,0.5755314184275105,1.228805644988949,1.0893667065504866,1.128,0.6134751773049645,113.5680873367675,0.688,1.816,1.38,31,172,454,345,-18,self-selected,180.0,76.0,23
11,11_1K_3,Left,0.6985295569824648,1.338955146748644,1.1704153380669966,1.144,0.597902097902098,100.53249655945864,0.096,1.24,0.78,22,24,310,195,-18,constant,180.0,76.0,23
11,11_1K_3,Right,0.6996318835583303,1.3981486055157344,1.1848716995896051,1.1800000000000002,0.5932203389830508,101.61386815849586,0.66,1.84,1.36,22,165,460,340,-18,constant,180.0,76.0,23
11,11_2F_1,Left,0.6851204500784359,1.3035060668849077,1.1046661583770403,1.1800000000000002,0.583050847457627,96.74206848596384,0.136,1.316,0.824,32,34,329,206,-12,self-selected,180.0,76.0,23
11,11_2F_1,Right,0.6050667342771893,1.290138773758618,1.1121885980677744,1.16,0.593103448275862,110.28753045527031,0.728,1.888,1.416,32,182,472,354,-12,self-selected,180.0,76.0,23
11,11_2K_1,Left,0.6962110765107755,1.34789732219001,1.1619804501638018,1.16,0.617241379310345,100.14035881077947,0.096,1.256,0.812,22,24,314,203,-12,constant,180.0,76.0,23
11,11_2K_1,Right,0.6657508105787486,1.3619525822687162,1.2203876185203548,1.116,0.5985663082437277,109.9859826645454,0.688,1.804,1.356,22,172,451,339,-12,constant,180.0,76.0,23
11,11_3F_3,Left,0.7717327038119605,1.468113799317411,1.3493693008432084,1.088,0.5955882352941176,104.90958547004853,0.128,1.216,0.776,31,32,304,194,-6,self-selected,180.0,76.0,23
11,11_3F_3,Right,0.6761200384120104,1.4478463870364495,1.3307411645555602,1.088,0.5992647058823529,118.09215130032636,0.66,1.748,1.312,31,165,437,328,-6,self-selected,180.0,76.0,23
11,11_3K_1,Left,0.75723409609784,1.4605384359041098,1.2252839227383472,1.192,0.5973154362416108,97.08627192455674,0.116,1.308,0.828,27,29,327,207,-6,constant,180.0,76.0,23
11,11_3K_1,Right,0.6580845299217335,1.4153104926469084,1.1953635917625915,1.184,0.6081081081081081,108.98571877124267,0.708,1.892,1.428,27,177,473,357,-6,constant,180.0,76.0,23
11,11_4K_3,Left,0.7161243269898643,1.4171793063435822,1.1616223822488378,1.22,0.6065573770491803,97.32575798380432,0.084,1.304,0.824,20,21,326,206,0,constant,180.0,76.0,23
11,11_4K_3,Right,0.6803126708778426,1.3964337627620662,1.118937309905502,1.2479999999999998,0.6153846153846154,98.68438655963992,0.684,1.932,1.452,20,171,483,363,0,constant,180.0,76.0,23
13,13_1F_3,Left,0.6668355222849657,1.2814554977794954,1.0106115913087503,1.268,0.6182965299684543,90.93201164621298,0.1,1.368,0.884,23,25,342,221,-18,self-selected,192.0,78.0,26
13,13_1F_3,Right,0.7085669763001152,1.3753985789070218,1.051527965525246,1.308,0.6391437308868502,89.04123398603342,0.712,2.02,1.548,23,178,505,387,-18,self-selected,192.0,78.0,26
13,13_1K_2,Left,0.6838712508344229,1.3579680904671687,1.187035044114658,1.144,0.611888111888112,104.14548434369496,0.092,1.236,0.792,22,23,309,198,-18,constant,192.0,78.0,26
13,13_1K_2,Right,0.7071627805787041,1.3910254484548903,1.170896842133746,1.1880000000000002,0.6228956228956227,99.34602393883458,0.656,1.844,1.396,22,164,461,349,-18,constant,192.0,78.0,26
13,13_2F_3,Left,0.7010384233138741,1.3490803380617706,1.1167883593226575,1.208,0.6324503311258278,95.58292289117291,0.076,1.284,0.84,17,19,321,210,-12,self-selected,192.0,78.0,26
13,13_2F_3,Right,0.6988897481550477,1.3999276242971896,1.1474816592599917,1.2199999999999998,0.6131147540983607,98.51181783299742,0.676,1.896,1.424,17,169,474,356,-12,self-selected,192.0,78.0,26
13,13_2K_3,Left,0.7866278531314906,1.531335377342715,1.2389444800507403,1.236,0.5889967637540453,94.50042800686144,0.056,1.292,0.784,12,14,323,196,-12,constant,192.0,78.0,26
13,13_2K_3,Right,0.6655017658065917,1.4521163323364203,1.1561435767009718,1.2559999999999998,0.6178343949044587,104.23505716469911,0.672,1.928,1.448,12,168,482,362,-12,constant,192.0,78.0,26
13,13_3F_2,Left,0.7720381490123166,1.4661420966171417,1.0908795361734684,1.344,0.6190476190476191,84.77919420710377,0.132,1.476,0.964,32,33,369,241,-6,self-selected,192.0,78.0,26
13,13_3F_2,Right,0.6684480170510114,1.440484826432819,1.0686089216860677,1.348,0.6350148367952521,95.91850624978532,0.792,2.14,1.648,32,198,535,412,-6,self-selected,192.0,78.0,26
13,13_3K_3,Left,0.7906155090804323,1.5252927516515935,1.1769234194842542,1.296,0.6172839506172839,89.31699967685718,0.176,1.472,0.976,42,44,368,244,-6,constant,192.0,78.0,26
13,13_3K_3,Right,0.7323855417518571,1.5229998783948926,1.1973269484236575,1.2720000000000002,0.6257861635220126,98.08988955950711,0.824,2.096,1.62,42,206,524,405,-6,constant,192.0,78.0,26
13,13_4F_2,Left,0.8864950266539745,1.7526474036645625,1.5266963446555422,1.148,0.5923344947735193,103.33028153026228,0.1,1.248,0.78,23,25,312,195,0,self-selected,192.0,78.0,26
13,13_4F_2,Right,0.7800916471686475,1.6665850204638395,1.4568050878180414,1.144,0.6258741258741257,112.0487645090574,0.66,1.804,1.376,23,165,451,344,0,self-selected,192.0,78.0,26
13,13_4K_3,Left,0.7721387705740956,1.568839718146843,1.2218377867187251,1.284,0.6105919003115264,94.94441931547658,0.084,1.368,0.868,20,21,342,217,0,constant,192.0,78.0,26
13,13_4K_3,Right,0.6698040791815086,1.441939195069856,1.0890779418956618,1.324,0.6132930513595166,97.55789572615024,0.72,2.044,1.532,20,180,511,383,0,constant,192.0,78.0,26
14,14_1F_2,Left,0.6341234127105388,1.281178668541953,0.956103483986532,1.34,0.617910447761194,90.46536981497344,0.016,1.356,0.844,2,4,339,211,-18,self-selected,182.0,74.0,28
14,14_1F_2,Right,0.7055930147453681,1.3396136856074432,1.0210470164690877,1.312,0.6128048780487805,86.82458543081464,0.688,2.0,1.492,2,172,500,373,-18,self-selected,182.0,74.0,28
14,14_1K_2,Left,0.7484225025404461,1.4389480839205695,1.167977340844618,1.2320000000000002,0.5909090909090908,93.63513284648988,0.124,1.356,0.852,30,31,339,213,-18,constant,182.0,74.0,28
14,14_1K_2,Right,0.6520579551445062,1.400371704767172,1.1554221986527822,1.212,0.6171617161716172,106.3177457957757,0.724,1.936,1.472,30,181,484,368,-18,constant,182.0,74.0,28
14,14_2F_3,Left,0.7669020157082083,1.47563797968802,1.2256129399402158,1.204,0.6079734219269103,95.88809898811417,0.112,1.316,0.844,27,28,329,211,-12,self-selected,182.0,74.0,28
14,14_2F_3,Right,0.6813031729746183,1.4481014649423478,1.2272046313070746,1.18,0.6203389830508474,108.0756420918175,0.704,1.884,1.436,27,176,471,359,-12,self-selected,182.0,74.0,28
14,14_2K_1,Left,0.7839520996623552,1.5332272786721262,1.2285474989359986,1.248,0.5961538461538461,94.027237082352,0.088,1.336,0.832,21,22,334,208,-12,constant,182.0,74.0,28
14,14_2K_1,Right,0.6966060532297799,1.4804793813397032,1.1977988522165883,1.236,0.6084142394822006,103.16868594492274,0.704,1.94,1.456,21,176,485,364,-12,constant,182.0,74.0,28
14,14_3F_1,Left,0.7327298280546011,1.4753198562633636,1.1859484375107423,1.244,0.6109324758842444,97.11206440109892,0.108,1.352,0.868,25,27,338,217,-6,self-selected,182.0,74.0,28
14,14_3F_1,Right,0.7219800284731539,1.454646846195684,1.1693302622151802,1.244,0.6334405144694534,97.17694806778113,0.72,1.964,1.508,25,180,491,377,-6,self-selected,182.0,74.0,28
14,14_3F_2,Left,0.7872276805618661,1.5416193104918183,1.1858610080706296,1.3,0.6061538461538462,90.38256941556584,0.144,1.444,0.932,35,36,361,233,-6,constant,182.0,74.0,28
14,14_3F_2,Right,0.7633157809205153,1.5505075448621124,1.1781972225395991,1.316,0.5987841945288753,92.61151822005516,0.784,2.1,1.572,35,196,525,393,-6,constant,182.0,74.0,28
14,14_4F_1,Left,0.8274557906608967,1.6553822309083674,1.3349856700873932,1.24,0.6064516129032258,96.80171570407124,0.1,1.34,0.852,23,25,335,213,0,self-selected,182.0,74.0,28
14,14_4F_1,Right,0.7823261786778103,1.6097645075836713,1.2898754067176854,1.248,0.6153846153846154,98.92615958967431,0.712,1.96,1.48,23,178,490,370,0,self-selected,182.0,74.0,28
14,14_4K_2,Left,0.8050832689501672,1.5844407788645485,1.1967075369067586,1.3239999999999998,0.6193353474320243,89.18636740276106,0.1,1.424,0.92,23,25,356,230,0,constant,182.0,74.0,28
14,14_4K_2,Right,0.7415852029251986,1.5465426169831502,1.1338288980814883,1.364,0.6129032258064516,91.73556000921346,0.748,2.112,1.584,23,187,528,396,0,constant,182.0,74.0,28
15,15_1F_1,Left,0.6786905881875417,1.355217330294113,1.1846305334738751,1.144,0.6223776223776225,104.72788815039772,0.088,1.232,0.8,21,22,308,200,-18,self-selected,175.0,64.0,21
15,15_1F_1,Right,0.637861513176301,1.3165451199090674,1.1428343054766208,1.152,0.6076388888888888,107.49991481245694,0.664,1.816,1.364,21,166,454,341,-18,self-selected,175.0,64.0,21
15,15_1K_2,Left,0.680876659024468,1.2945685181224789,1.1942514004819915,1.084,0.6273062730627308,105.23944840697573,0.092,1.176,0.772,22,23,294,193,-18,constant,175.0,64.0,21
15,15_1K_2,Right,0.5815403307240161,1.2623707236836463,1.1645486380845445,1.084,0.6051660516605166,120.15145742012608,0.64,1.724,1.296,22,160,431,324,-18,constant,175.0,64.0,21
15,15_2F_2,Left,0.6767584837521268,1.3369836499852137,1.2243440018179612,1.092,0.6227106227106228,108.54779344884248,0.092,1.184,0.772,22,23,296,193,-12,constant,175.0,64.0,21
15,15_2F_2,Right,0.6305684299192633,1.307158799459303,1.2103322217215768,1.08,0.6074074074074074,115.16582476638216,0.636,1.716,1.292,22,159,429,323,-12,constant,175.0,64.0,21
15,15_2F_3,Left,0.7143790612880974,1.434059832616063,1.3180696990956462,1.088,0.6139705882352943,110.70338736292472,0.084,1.172,0.752,20,21,293,188,-12,self-selected,175.0,64.0,21
15,15_2F_3,Right,0.6907452352805217,1.404955007870202,1.3008842665464833,1.08,0.5740740740740741,112.99832703310724,0.644,1.724,1.264,20,161,431,316,-12,self-selected,175.0,64.0,21
15,15_3F_3,Left,0.7189105672419396,1.4552274879369576,1.2501954363719567,1.164,0.6013745704467355,104.3408312526212,0.092,1.256,0.792,21,23,314,198,-6,self-selected,175.0,64.0,21
15,15_3F_3,Right,0.7318272976473905,1.4507371872320542,1.254962964733611,1.156,0.6055363321799307,102.89009186467467,0.672,1.828,1.372,21,168,457,343,-6,self-selected,175.0,64.0,21
16,16_1F_1,Left,0.6687935537235761,1.3904182659655238,1.132262431568016,1.228,0.6286644951140066,101.57954650705258,0.104,1.332,0.876,24,26,333,219,-18,self-selected,186.0,90.0,20
16,16_1F_1,Right,0.705953219157839,1.3747464543981551,1.115865628569931,1.232,0.6266233766233766,94.83905717444794,0.716,1.948,1.488,24,179,487,372,-18,self-selected,186.0,90.0,20
16,16_2F_2,Left,0.6958937622786244,1.4386776523316778,1.2445308411173683,1.156,0.6055363321799309,107.30352032835827,0.084,1.24,0.784,19,21,310,196,-12,self-selected,186.0,90.0,20
16,16_2F_2,Right,0.6893697699654943,1.3852576915877144,1.186008297592221,1.168,0.6404109589041094,103.22544004082908,0.644,1.812,1.392,19,161,453,348,-12,self-selected,186.0,90.0,20
16,16_2K_2,Left,0.7394387335114924,1.4594242697183868,1.1546078083215086,1.264,0.629746835443038,93.6879086253788,0.08,1.344,0.876,18,20,336,219,-12,constant,186.0,90.0,20
16,16_2K_2,Right,0.7358085527891643,1.4752446525135936,1.1708290892965028,1.26,0.6253968253968254,95.47285783985612,0.7,1.96,1.488,18,175,490,372,-12,constant,186.0,90.0,20
16,16_3F_3,Left,0.7677895155872102,1.546611901681667,1.2235853652544837,1.2639999999999998,0.6170886075949368,95.6188127407818,0.12,1.384,0.9,28,30,346,225,-6,self-selected,186.0,90.0,20
16,16_3F_3,Right,0.7369330164135198,1.504719550006424,1.182955621074233,1.272,0.6415094339622642,96.31450306010716,0.744,2.016,1.56,28,186,504,390,-6,self-selected,186.0,90.0,20
16,16_3K_2,Left,0.7274044816976208,1.4828021255975277,1.1584391606230684,1.28,0.6375000000000001,95.55391998021484,0.084,1.364,0.9,20,21,341,225,-6,constant,186.0,90.0,20
16,16_3K_2,Right,0.719294181188305,1.446690722152774,1.1555037716875192,1.252,0.6357827476038339,96.3864690059283,0.736,1.988,1.532,20,184,497,383,-6,constant,186.0,90.0,20
16,16_4F_2,Left,0.7697802339038615,1.5850228464131946,1.3077746257534608,1.212,0.6336633663366337,101.93360921632524,0.104,1.316,0.872,24,26,329,218,0,self-selected,186.0,90.0,20
16,16_4F_2,Right,0.6640614676727356,1.433841166565877,1.171438861573429,1.224,0.6437908496732027,105.84311109140342,0.716,1.94,1.504,24,179,485,376,0,self-selected,186.0,90.0,20
16,16_4K_1,Left,0.723312861290854,1.4751211475923505,1.1382107620311348,1.2959999999999998,0.6388888888888891,94.41646813799248,0.108,1.404,0.936,26,27,351,234,0,constant,186.0,90.0,20
16,16_4K_1,Right,0.7124744856492876,1.4357738530010624,1.1147312523300177,1.288,0.6459627329192547,93.8754671037081,0.756,2.044,1.588,26,189,511,397,0,constant,186.0,90.0,20
17,17_1F_2,Left,0.5303050542940837,1.0187731155334614,0.9611067127674164,1.06,0.630188679245283,108.74194446969338,0.12,1.18,0.788,28,30,295,197,-18,self-selected,183.0,68.0,40
17,17_1F_2,Right,0.5030089767423396,1.0329497952486395,0.9932209569698456,1.04,0.6461538461538462,118.47354654411404,0.64,1.68,1.312,28,160,420,328,-18,self-selected,183.0,68.0,40
17,17_1K_2,Left,0.5866696350787057,1.1687746583441156,1.1458575081805058,1.0199999999999998,0.623529411764706,117.18937947352067,0.112,1.132,0.748,27,28,283,187,-18,constant,183.0,68.0,40
17,17_1K_2,Right,0.5604076753425185,1.1469107699518035,1.1469107699518035,1.0,0.628,122.79390383982346,0.608,1.608,1.236,27,152,402,309,-18,constant,183.0,68.0,40
17,17_2F_1,Left,0.7177920850721468,1.3914514259916373,1.4994088642151264,0.928,0.6206896551724138,125.33508480225868,0.104,1.032,0.68,25,26,258,170,-12,self-selected,183.0,68.0,40
17,17_2F_1,Right,0.6688098976933889,1.3865836575434105,1.51373761740547,0.916,0.589519650655022,135.7998100171148,0.568,1.484,1.108,25,142,371,277,-12,self-selected,183.0,68.0,40
17,17_2K_1,Left,0.6411701559940461,1.2460375695151198,1.1580274809620077,1.0759999999999998,0.617100371747212,108.36694161162056,0.104,1.18,0.768,25,26,295,192,-12,constant,183.0,68.0,40
17,17_2K_1,Right,0.6386611583532716,1.2798157585018877,1.193857983677134,1.072,0.6156716417910447,112.15881549039734,0.648,1.72,1.308,25,162,430,327,-12,constant,183.0,68.0,40
17,17_3F_1,Left,0.7012136390765181,1.3376814795817902,1.2862321919055677,1.04,0.6384615384615385,110.05765891258233,0.08,1.12,0.744,18,20,280,186,-6,self-selected,183.0,68.0,40
17,17_3F_1,Right,0.6789966094802721,1.3798492517979832,1.311643775473368,1.052,0.6159695817490495,115.90429971165952,0.592,1.644,1.24,18,148,411,310,-6,self-selected,183.0,68.0,40
17,17_3K_2,Left,0.6628303619431626,1.2767480443077102,1.1691831907579764,1.092,0.6446886446886448,105.83551308636945,0.084,1.176,0.788,20,21,294,197,-6,constant,183.0,68.0,40
17,17_3K_2,Right,0.6479416905631054,1.3103301466981765,1.186893248820812,1.104,0.6195652173913043,109.9074129145159,0.636,1.74,1.32,20,159,435,330,-6,constant,183.0,68.0,40
17,17_4F_3,Left,0.7078781013043591,1.4113821116296654,1.297226205541972,1.088,0.6286764705882354,109.9533552303704,0.104,1.192,0.788,25,26,298,197,0,self-selected,183.0,68.0,40
17,17_4F_3,Right,0.730042784758157,1.437916509884291,1.3071968271675372,1.1,0.6218181818181818,107.43453845110533,0.648,1.748,1.332,25,162,437,333,0,self-selected,183.0,68.0,40
17,17_4K_2,Left,0.6876694705579259,1.336280160589116,1.1025413866246834,1.212,0.6435643564356436,96.19808066193428,0.096,1.308,0.876,22,24,327,219,0,constant,183.0,68.0,40
17,17_4K_2,Right,0.661506428204795,1.3491234378551435,1.1356257894403563,1.188,0.6363636363636364,103.00360580218998,0.708,1.896,1.464,22,177,474,366,0,constant,183.0,68.0,40
18,18_1F_3,Left,0.6094837071530823,1.2552378824788497,1.1537112890430603,1.088,0.6323529411764707,113.5759275107204,0.076,1.164,0.764,17,19,291,191,-18,self-selected,176.0,85.0,23
18,18_1F_3,Right,0.6433353342634746,1.2528190001796795,1.1600175927589624,1.08,0.6259259259259259,108.18783278120551,0.62,1.7,1.296,17,155,425,324,-18,self-selected,176.0,85.0,23
18,18_2F_3,Left,0.5877528936635891,1.1965905883530803,1.0175090037015992,1.176,0.6394557823129252,103.87110107030682,0.104,1.28,0.856,25,26,320,214,-12,self-selected,176.0,85.0,23
18,18_2F_3,Right,0.5930690524831553,1.180821368999745,1.0321865113634134,1.144,0.6398601398601398,104.42492391484852,0.696,1.84,1.428,25,174,460,357,-12,self-selected,176.0,85.0,23
18,18_2K_1,Left,0.5893277399392436,1.2395745090412622,1.0950304850187829,1.132,0.6360424028268552,111.4860622510328,0.1,1.232,0.82,23,25,308,205,-12,constant,176.0,85.0,23
18,18_2K_1,Right,0.6392826953077085,1.2286092975949063,1.1251000893726248,1.092,0.6263736263736264,105.59648471301816,0.68,1.772,1.364,23,170,443,341,-12,constant,176.0,85.0,23
18,18_3F_1,Left,0.6567987591699161,1.356736707733294,1.251602128905253,1.084,0.6383763837638378,114.3365858809236,0.108,1.192,0.8,26,27,298,200,-6,self-selected,176.0,85.0,23
18,18_3F_1,Right,0.7111439979721838,1.3679420118027945,1.2666129738914762,1.08,0.6333333333333333,106.86552744618844,0.652,1.732,1.336,26,163,433,334,-6,self-selected,176.0,85.0,23
18,18_3K_2,Left,0.710002067387395,1.4145375926099053,1.170974828319458,1.208,0.6192052980132451,98.9553311551594,0.1,1.308,0.848,24,25,327,212,-6,constant,176.0,85.0,23
18,18_3K_2,Right,0.7002623325217086,1.4102643264101349,1.1791507745904135,1.196,0.6354515050167224,101.03220348958516,0.692,1.888,1.452,24,173,472,363,-6,constant,176.0,85.0,23
18,18_4F_3,Left,0.7649761362930338,1.5856380363876907,1.5606673586493018,1.016,0.6141732283464567,122.40910150834836,0.084,1.1,0.708,20,21,275,177,0,self-selected,176.0,85.0,23
18,18_4F_3,Right,0.7228148723502693,1.487790047025131,1.4643602825050503,1.016,0.6181102362204725,121.55479959151435,0.592,1.608,1.22,20,148,402,305,0,self-selected,176.0,85.0,23
18,18_4K_2,Left,0.6322078421680373,1.321606810534883,1.086847706031976,1.216,0.6348684210526316,103.14782261841334,0.108,1.324,0.88,26,27,331,220,0,constant,176.0,85.0,23
18,18_4K_2,Right,0.6771173801458039,1.309296641933395,1.0874556826689328,1.204,0.637873754152824,96.36045813221666,0.716,1.92,1.484,26,179,480,371,0,constant,176.0,85.0,23
20,20_1K_1,Left,0.7878504014653736,1.560801688565422,1.111682114362836,1.404,0.5754985754985755,84.66191898577297,0.084,1.488,0.892,20,21,372,223,-18,constant,182.0,62.0,28
20,20_1K_1,Right,0.7936655736376719,1.5815159660310787,1.1296542614507703,1.4,0.5857142857142857,85.40027177490899,0.784,2.184,1.604,20,196,546,401,-18,constant,182.0,62.0,28
20,20_2F_2,Left,0.86425198417787,1.651951178448501,1.4389818627600184,1.148,0.578397212543554,99.9001603076816,0.092,1.24,0.756,21,23,310,189,-12,self-selected,182.0,62.0,28
20,20_2F_2,Right,0.7419076545801213,1.6061504512154847,1.41886082262852,1.132,0.5865724381625441,114.7469618788217,0.656,1.788,1.32,21,164,447,330,-12,self-selected,182.0,62.0,28
20,20_2K_2,Left,0.7266722491282879,1.429622450444007,1.1274625003501633,1.268,0.5962145110410094,93.09251881045364,0.104,1.372,0.86,25,26,343,215,-12,constant,182.0,62.0,28
20,20_2K_2,Right,0.7013854391776417,1.428042929613109,1.1262168214614423,1.268,0.5930599369085173,96.34219006159344,0.728,1.996,1.48,25,182,499,370,-12,constant,182.0,62.0,28
20,20_3F_1,Left,0.8716491593958718,1.677982821115004,1.4928672785720678,1.124,0.5907473309608542,102.76157069480251,0.076,1.2,0.74,17,19,300,185,-6,self-selected,182.0,62.0,28
20,20_3F_1,Right,0.6950334403085483,1.5666822950821149,1.4038371819732212,1.116,0.5842293906810035,121.18874579761328,0.628,1.744,1.28,17,157,436,320,-6,self-selected,182.0,62.0,28
20,20_3K_1,Left,0.8346841656074695,1.6128033477039652,1.178949815573074,1.368,0.605263157894737,84.74701192265127,0.06,1.428,0.888,13,15,357,222,-6,constant,182.0,62.0,28
20,20_3K_1,Right,0.7413781380081069,1.5760387238146256,1.1520750905077672,1.368,0.6052631578947368,93.23785243544658,0.736,2.104,1.564,13,184,526,391,-6,constant,182.0,62.0,28
20,20_4F_2,Left,0.8543851682691612,1.6796349565828252,1.438043627211323,1.168,0.6027397260273973,100.9879628499091,0.088,1.256,0.792,21,22,314,198,0,self-selected,182.0,62.0,28
20,20_4F_2,Right,0.7669568548145134,1.621341799124338,1.3833974395258857,1.1720000000000002,0.5938566552901023,108.224922758696,0.668,1.84,1.364,21,167,460,341,0,self-selected,182.0,62.0,28
20,20_4K_3,Left,0.7311767317452609,1.4584869703277905,1.108272773805312,1.3159999999999998,0.623100303951368,90.94431420102384,0.088,1.404,0.908,21,22,351,227,0,constant,182.0,62.0,28
20,20_4K_3,Right,0.7061957158882864,1.4373714129275408,1.0989078080485786,1.308,0.6238532110091743,93.36571576334076,0.748,2.056,1.564,21,187,514,391,0,constant,182.0,62.0,28
21,21_1F_2,Left,0.6007550129940203,1.2321935414211087,1.1080877171053136,1.112,0.6546762589928059,110.66951018015156,0.084,1.196,0.812,20,21,299,203,-18,self-selected,172.0,64.0,28
21,21_1F_2,Right,0.6118192704165668,1.2125067054992258,1.106301738594184,1.096,0.6240875912408759,108.49299380592647,0.656,1.752,1.34,20,164,438,335,-18,self-selected,172.0,64.0,28
21,21_1K_1,Left,0.619043463232651,1.2396439495282083,1.1607153085470117,1.0679999999999998,0.6292134831460675,112.50085438128156,0.08,1.148,0.752,18,20,287,188,-18,constant,172.0,64.0,28
21,21_1K_1,Right,0.6364184640319736,1.2553234858480826,1.1623365609704468,1.08,0.6259259259259259,109.58229152622933,0.612,1.692,1.288,18,153,423,322,-18,constant,172.0,64.0,28
21,21_2F_2,Left,0.6913902632173183,1.3683891190281732,1.3363174990509503,1.024,0.6171875,115.96786100219504,0.088,1.112,0.72,21,22,278,180,-12,self-selected,172.0,64.0,28
21,21_2F_2,Right,0.68487116170008,1.3760811071988828,1.343829206248909,1.024,0.609375,117.72981092499856,0.592,1.616,1.216,21,148,404,304,-12,self-selected,172.0,64.0,28
21,21_2K_3,Left,0.6602444155606518,1.302656587638508,1.1799425612667649,1.104,0.63768115942029,107.22779626373428,0.084,1.188,0.788,20,21,297,197,-12,constant,172.0,64.0,28
21,21_2K_3,Right,0.6342788902781139,1.2944179864440657,1.1682472801841746,1.108,0.6245487364620939,110.51106679636746,0.632,1.74,1.324,20,158,435,331,-12,constant,172.0,64.0,28
21,21_3F_1,Left,0.6643421037221167,1.3262415697226284,1.1088976335473482,1.196,0.6287625418060201,100.14999446831824,0.088,1.284,0.84,20,22,321,210,-6,self-selected,172.0,64.0,28
21,21_3F_1,Right,0.6362292638377012,1.3004947965724545,1.0801451798774542,1.2039999999999995,0.6544850498338871,101.86376904722134,0.672,1.876,1.46,20,168,469,365,-6,self-selected,172.0,64.0,28
21,21_3K_2,Left,0.707713961760618,1.363422175982843,1.1286607417076515,1.208,0.6556291390728477,95.68787414337469,0.088,1.296,0.88,21,22,324,220,-6,constant,172.0,64.0,28
21,21_3K_2,Right,0.7179835150901049,1.425622195306013,1.2205669480359702,1.168,0.6267123287671234,101.99957985521095,0.712,1.88,1.444,21,178,470,361,-6,constant,172.0,64.0,28
21,21_4F_3,Left,0.7068208423181866,1.4104686662328898,1.245997054976051,1.132,0.6325088339222616,105.76912680357654,0.092,1.224,0.808,21,23,306,202,0,self-selected,172.0,64.0,28
21,21_4F_3,Right,0.7155239017348514,1.4222715679807345,1.209414598623073,1.1760000000000002,0.6292517006802719,101.41502714506728,0.644,1.82,1.384,21,161,455,346,0,self-selected,172.0,64.0,28
21,21_4K_1,Left,0.679303483354687,1.4001258584596816,1.1706737946987305,1.196,0.6220735785953178,103.4006587674878,0.08,1.276,0.824,18,20,319,206,0,constant,172.0,64.0,28
21,21_4K_1,Right,0.697754510411954,1.3769337356026858,1.147444779668905,1.2000000000000002,0.6333333333333332,98.66892403101374,0.672,1.872,1.432,18,168,468,358,0,constant,172.0,64.0,28
22,22_1F_2,Left,0.6727533460932384,1.3762606984049923,1.1742838723592086,1.172,0.5972696245733788,104.72936738361122,0.032,1.204,0.732,7,8,301,183,-18,self-selected,179.0,85.0,37
22,22_1F_2,Right,0.6834093453669123,1.3561079167625214,1.161051298598049,1.168,0.6095890410958904,101.93462876701206,0.612,1.78,1.324,7,153,445,331,-18,self-selected,179.0,85.0,37
22,22_1K_2,Left,0.6421532638416346,1.2954452041833686,1.177677458348517,1.1,0.6109090909090911,110.03704486089336,0.108,1.208,0.78,26,27,302,195,-18,constant,179.0,85.0,37
22,22_1K_2,Right,0.7053830447448349,1.3474992378396682,1.216154546786704,1.108,0.6101083032490975,103.44630956305184,0.66,1.768,1.336,26,165,442,334,-18,constant,179.0,85.0,37
22,22_2F_3,Left,0.7191429596671314,1.4670837165564643,1.3385800333544386,1.096,0.5985401459854015,111.68127410778172,0.084,1.18,0.74,20,21,295,185,-12,self-selected,179.0,85.0,37
22,22_2F_3,Right,0.7051926973938886,1.4243274745803065,1.3386536415228445,1.064,0.6165413533834586,113.8968381099216,0.628,1.692,1.284,20,157,423,321,-12,self-selected,179.0,85.0,37
22,22_2K_2,Left,0.6646726345854027,1.385526431626278,1.1662680400894598,1.188,0.6060606060606062,105.27901821776668,0.084,1.272,0.804,20,21,318,201,-12,constant,179.0,85.0,37
22,22_2K_2,Right,0.6861127287119373,1.3507676166853455,1.144718319224869,1.1800000000000002,0.6169491525423727,100.10468583265212,0.672,1.852,1.4,20,168,463,350,-12,constant,179.0,85.0,37
22,22_3F_2,Left,0.6609820105229437,1.3951326389333492,1.241221209015435,1.124,0.612099644128114,112.670649662622,0.096,1.22,0.784,23,24,305,196,-6,self-selected,179.0,85.0,37
22,22_3F_2,Right,0.6521903814262213,1.3131514275654383,1.1641413364941828,1.128,0.6276595744680851,107.09829856261464,0.656,1.784,1.364,23,164,446,341,-6,self-selected,179.0,85.0,37
22,22_3K_1,Left,0.6956003838430591,1.4233860819937445,1.1591091872913226,1.228,0.6058631921824105,99.98061078294404,0.088,1.316,0.832,21,22,329,208,-6,constant,179.0,85.0,37
22,22_3K_1,Right,0.7550847650156522,1.4506351056156297,1.192956501328643,1.216,0.625,94.7938475201984,0.696,1.912,1.456,21,174,478,364,-6,constant,179.0,85.0,37
22,22_4F_3,Left,0.7865631879934569,1.5225581200438223,1.330907447590754,1.144,0.6188811188811189,101.52324450773752,0.052,1.196,0.76,12,13,299,190,0,self-selected,179.0,85.0,37
22,22_4F_3,Right,0.7312820397064211,1.5178365156214129,1.3267801709977385,1.144,0.6188811188811189,108.85924436462716,0.612,1.756,1.32,12,153,439,330,0,self-selected,179.0,85.0,37
22,22_4K_3,Left,0.7066554045556718,1.4395545338458744,1.172275679027585,1.228,0.6254071661237786,99.53442694729132,0.084,1.312,0.852,20,21,328,213,0,constant,179.0,85.0,37
22,22_4K_3,Right,0.7501781526534849,1.456832253467918,1.1636040363162286,1.252,0.6070287539936102,93.0662162474659,0.696,1.948,1.456,20,174,487,364,0,constant,179.0,85.0,37
23,23_1F_3,Left,0.817438730015976,1.6208997683855144,1.6539793554954227,0.98,0.5877551020408164,121.4020790619816,0.088,1.068,0.664,21,22,267,166,-18,self-selected,180.0,83.0,28
23,23_1F_3,Right,0.697107043744422,1.5145280496619569,1.6043729339639372,0.944,0.6101694915254237,138.0883709347923,0.58,1.524,1.156,21,145,381,289,-18,self-selected,180.0,83.0,28
23,23_1K_1,Left,0.5951508895801566,1.250894381249895,1.1800890389149954,1.0599999999999998,0.6150943396226416,118.97040494192768,0.084,1.144,0.736,19,21,286,184,-18,constant,180.0,83.0,28
23,23_1K_1,Right,0.617078488246105,1.2122151604893583,1.161125632652642,1.044,0.6360153256704981,112.89898981436136,0.612,1.656,1.276,19,153,414,319,-18,constant,180.0,83.0,28
23,23_2F_1,Left,0.7102790015970252,1.426293977035216,1.42061153091157,1.004,0.5976095617529881,120.00452169224198,0.092,1.096,0.692,21,23,274,173,-12,self-selected,180.0,83.0,28
23,23_2F_1,Right,0.7046485547730391,1.4149114636549258,1.392629393361147,1.016,0.6299212598425197,118.5807634680838,0.576,1.592,1.216,21,144,398,304,-12,self-selected,180.0,83.0,28
23,23_2K_2,Left,0.6785855773233999,1.3475604670340982,1.203178988423302,1.12,0.6285714285714287,106.38413446708653,0.088,1.208,0.792,21,22,302,198,-12,constant,180.0,83.0,28
23,23_2K_2,Right,0.6882670316048574,1.3668479455388198,1.2798201737254866,1.068,0.6404494382022472,111.56892150489467,0.652,1.72,1.336,21,163,430,334,-12,constant,180.0,83.0,28
23,23_3F_1,Left,0.7434258360251292,1.5930340124672262,1.4274498319598805,1.116,0.5985663082437277,115.20582923983528,0.096,1.212,0.764,22,24,303,191,-6,self-selected,180.0,83.0,28
23,23_3F_1,Right,0.7206416078041276,1.4640584400958354,1.3165993166329455,1.112,0.6151079136690647,109.61892588839812,0.652,1.764,1.336,22,163,441,334,-6,self-selected,180.0,83.0,28
23,23_3K_2,Left,0.6778501491493281,1.411420586502865,1.172276234636931,1.204,0.6312292358803987,103.76419355588422,0.088,1.292,0.848,21,22,323,212,-6,constant,180.0,83.0,28
23,23_3K_2,Right,0.6977729108456661,1.375616042841335,1.1349967350176036,1.2119999999999995,0.636963696369637,97.5959413765757,0.684,1.896,1.456,21,171,474,364,-6,constant,180.0,83.0,28
23,23_4F_1,Left,0.7093425297967592,1.4188272884221167,1.3235329183042135,1.0719999999999998,0.6305970149253732,111.9515209683056,0.08,1.152,0.756,18,20,288,189,0,self-selected,180.0,83.0,28
23,23_4F_1,Right,0.7491745637859478,1.4585070418575643,1.293002696682238,1.128,0.6170212765957447,103.55418556775813,0.612,1.74,1.308,18,153,435,327,0,self-selected,180.0,83.0,28
23,23_4K_3,Left,0.6915005017815772,1.378646403458597,1.1226762243148185,1.228,0.6384364820846906,97.41218305025345,0.088,1.316,0.872,21,22,329,218,0,constant,180.0,83.0,28
23,23_4K_3,Right,0.7157555181671061,1.4072496009567526,1.1497137262718566,1.224,0.6339869281045752,96.37763429747824,0.7,1.924,1.476,21,175,481,369,0,constant,180.0,83.0,28
24,24_1F_3,Left,0.5711081485273953,1.1833162544558924,1.1079740210261166,1.0679999999999998,0.6367041198501874,116.40254377911072,0.096,1.164,0.776,22,24,291,194,-18,self-selected,178.0,82.0,25
24,24_1F_3,Left,0.5711081485273953,1.1833162544558924,1.1079740210261166,1.0679999999999998,0.6367041198501874,116.40254377911072,0.096,1.164,0.776,22,24,291,194,-18,self-selected,178.0,82.0,25
24,24_1F_3,Left,0.5711081485273953,1.1833162544558924,1.1079740210261166,1.0679999999999998,0.6367041198501874,116.40254377911072,0.096,1.164,0.776,22,24,291,194,-18,self-selected,178.0,82.0,25
24,24_1F_3,Left,0.5711081485273953,1.1833162544558924,1.1079740210261166,1.0679999999999998,0.6367041198501874,116.40254377911072,0.096,1.164,0.776,22,24,291,194,-18,self-selected,178.0,82.0,25
24,24_1F_3,Right,0.602429424215531,1.1735323361450367,1.1029439249483428,1.064,0.6240601503759399,109.84960700263632,0.636,1.7,1.3,22,159,425,325,-18,self-selected,178.0,82.0,25
24,24_1F_3,Right,0.602429424215531,1.1735323361450367,1.1029439249483428,1.064,0.6240601503759399,109.84960700263632,0.636,1.7,1.3,22,159,425,325,-18,self-selected,178.0,82.0,25
24,24_1F_3,Right,0.602429424215531,1.1735323361450367,1.1029439249483428,1.064,0.6240601503759399,109.84960700263632,0.636,1.7,1.3,22,159,425,325,-18,self-selected,178.0,82.0,25
24,24_1F_3,Right,0.602429424215531,1.1735323361450367,1.1029439249483428,1.064,0.6240601503759399,109.84960700263632,0.636,1.7,1.3,22,159,425,325,-18,self-selected,178.0,82.0,25
24,24_1K_1,Left,0.6190302651036664,1.2351054265022985,1.131048925368405,1.092,0.6483516483516485,109.6278152260287,0.088,1.18,0.796,21,22,295,199,-18,constant,178.0,82.0,25
24,24_1K_1,Left,0.6190302651036664,1.2351054265022985,1.131048925368405,1.092,0.6483516483516485,109.6278152260287,0.088,1.18,0.796,21,22,295,199,-18,constant,178.0,82.0,25
24,24_1K_1,Left,0.6190302651036664,1.2351054265022985,1.131048925368405,1.092,0.6483516483516485,109.6278152260287,0.088,1.18,0.796,21,22,295,199,-18,constant,178.0,82.0,25
24,24_1K_1,Left,0.6190302651036664,1.2351054265022985,1.131048925368405,1.092,0.6483516483516485,109.6278152260287,0.088,1.18,0.796,21,22,295,199,-18,constant,178.0,82.0,25
24,24_1K_1,Right,0.6249547023773674,1.2439708826711382,1.1780027298022142,1.056,0.625,113.09645886215596,0.648,1.704,1.308,21,162,426,327,-18,constant,178.0,82.0,25
24,24_1K_1,Right,0.6249547023773674,1.2439708826711382,1.1780027298022142,1.056,0.625,113.09645886215596,0.648,1.704,1.308,21,162,426,327,-18,constant,178.0,82.0,25
24,24_1K_1,Right,0.6249547023773674,1.2439708826711382,1.1780027298022142,1.056,0.625,113.09645886215596,0.648,1.704,1.308,21,162,426,327,-18,constant,178.0,82.0,25
24,24_1K_1,Right,0.6249547023773674,1.2439708826711382,1.1780027298022142,1.056,0.625,113.09645886215596,0.648,1.704,1.308,21,162,426,327,-18,constant,178.0,82.0,25
24,24_2F_3,Left,0.6554025350875227,1.3315304344379164,1.2374818163921155,1.0759999999999998,0.6245353159851302,113.28749128749055,0.108,1.184,0.78,26,27,296,195,-12,self-selected,178.0,82.0,25
24,24_2F_3,Left,0.6554025350875227,1.3315304344379164,1.2374818163921155,1.0759999999999998,0.6245353159851302,113.28749128749055,0.108,1.184,0.78,26,27,296,195,-12,self-selected,178.0,82.0,25
24,24_2F_3,Left,0.6554025350875227,1.3315304344379164,1.2374818163921155,1.0759999999999998,0.6245353159851302,113.28749128749055,0.108,1.184,0.78,26,27,296,195,-12,self-selected,178.0,82.0,25
24,24_2F_3,Left,0.6554025350875227,1.3315304344379164,1.2374818163921155,1.0759999999999998,0.6245353159851302,113.28749128749055,0.108,1.184,0.78,26,27,296,195,-12,self-selected,178.0,82.0,25
24,24_2F_3,Right,0.6340663386652275,1.2894676194449877,1.1983899808968286,1.076,0.6319702602230484,113.4004353632358,0.64,1.716,1.32,26,160,429,330,-12,self-selected,178.0,82.0,25
24,24_2F_3,Right,0.6340663386652275,1.2894676194449877,1.1983899808968286,1.076,0.6319702602230484,113.4004353632358,0.64,1.716,1.32,26,160,429,330,-12,self-selected,178.0,82.0,25
24,24_2F_3,Right,0.6340663386652275,1.2894676194449877,1.1983899808968286,1.076,0.6319702602230484,113.4004353632358,0.64,1.716,1.32,26,160,429,330,-12,self-selected,178.0,82.0,25
24,24_2F_3,Right,0.6340663386652275,1.2894676194449877,1.1983899808968286,1.076,0.6319702602230484,113.4004353632358,0.64,1.716,1.32,26,160,429,330,-12,self-selected,178.0,82.0,25
24,24_2K_1,Left,0.6442059887583711,1.3021763751513515,1.1626574778137069,1.12,0.6250000000000001,108.28748860791453,0.092,1.212,0.792,21,23,303,198,-12,constant,178.0,82.0,25
24,24_2K_1,Left,0.6442059887583711,1.3021763751513515,1.1626574778137069,1.12,0.6250000000000001,108.28748860791453,0.092,1.212,0.792,21,23,303,198,-12,constant,178.0,82.0,25
24,24_2K_1,Left,0.6442059887583711,1.3021763751513515,1.1626574778137069,1.12,0.6250000000000001,108.28748860791453,0.092,1.212,0.792,21,23,303,198,-12,constant,178.0,82.0,25
24,24_2K_1,Left,0.6442059887583711,1.3021763751513515,1.1626574778137069,1.12,0.6250000000000001,108.28748860791453,0.092,1.212,0.792,21,23,303,198,-12,constant,178.0,82.0,25
24,24_2K_1,Right,0.6518852472023224,1.2960821996322736,1.1572162496716727,1.12,0.6321428571428571,106.51103898774194,0.648,1.768,1.356,21,162,442,339,-12,constant,178.0,82.0,25
24,24_2K_1,Right,0.6518852472023224,1.2960821996322736,1.1572162496716727,1.12,0.6321428571428571,106.51103898774194,0.648,1.768,1.356,21,162,442,339,-12,constant,178.0,82.0,25
24,24_2K_1,Right,0.6518852472023224,1.2960821996322736,1.1572162496716727,1.12,0.6321428571428571,106.51103898774194,0.648,1.768,1.356,21,162,442,339,-12,constant,178.0,82.0,25
24,24_2K_1,Right,0.6518852472023224,1.2960821996322736,1.1572162496716727,1.12,0.6321428571428571,106.51103898774194,0.648,1.768,1.356,21,162,442,339,-12,constant,178.0,82.0,25
24,24_3F_3,Left,0.6804943769170299,1.3916935670585149,1.1834128971586009,1.176,0.6258503401360545,104.34292514098674,0.096,1.272,0.832,23,24,318,208,-6,self-selected,178.0,82.0,25
24,24_3F_3,Left,0.6804943769170299,1.3916935670585149,1.1834128971586009,1.176,0.6258503401360545,104.34292514098674,0.096,1.272,0.832,23,24,318,208,-6,self-selected,178.0,82.0,25
24,24_3F_3,Left,0.6804943769170299,1.3916935670585149,1.1834128971586009,1.176,0.6258503401360545,104.34292514098674,0.096,1.272,0.832,23,24,318,208,-6,self-selected,178.0,82.0,25
24,24_3F_3,Left,0.6804943769170299,1.3916935670585149,1.1834128971586009,1.176,0.6258503401360545,104.34292514098674,0.096,1.272,0.832,23,24,318,208,-6,self-selected,178.0,82.0,25
24,24_3F_3,Right,0.6769875800039501,1.3574729314498857,1.1426539827019238,1.1880000000000002,0.6195286195286194,101.27104394103569,0.684,1.872,1.42,23,171,468,355,-6,self-selected,178.0,82.0,25
24,24_3F_3,Right,0.6769875800039501,1.3574729314498857,1.1426539827019238,1.1880000000000002,0.6195286195286194,101.27104394103569,0.684,1.872,1.42,23,171,468,355,-6,self-selected,178.0,82.0,25
24,24_3F_3,Right,0.6769875800039501,1.3574729314498857,1.1426539827019238,1.1880000000000002,0.6195286195286194,101.27104394103569,0.684,1.872,1.42,23,171,468,355,-6,self-selected,178.0,82.0,25
24,24_3F_3,Right,0.6769875800039501,1.3574729314498857,1.1426539827019238,1.1880000000000002,0.6195286195286194,101.27104394103569,0.684,1.872,1.42,23,171,468,355,-6,self-selected,178.0,82.0,25
24,24_3K_1,Left,0.6734366998326304,1.3820242304257797,1.15168685868815,1.2,0.6166666666666667,102.60980956111057,0.084,1.284,0.824,20,21,321,206,-6,constant,178.0,82.0,25
24,24_3K_1,Left,0.6734366998326304,1.3820242304257797,1.15168685868815,1.2,0.6166666666666667,102.60980956111057,0.084,1.284,0.824,20,21,321,206,-6,constant,178.0,82.0,25
24,24_3K_1,Left,0.6734366998326304,1.3820242304257797,1.15168685868815,1.2,0.6166666666666667,102.60980956111057,0.084,1.284,0.824,20,21,321,206,-6,constant,178.0,82.0,25
24,24_3K_1,Left,0.6734366998326304,1.3820242304257797,1.15168685868815,1.2,0.6166666666666667,102.60980956111057,0.084,1.284,0.824,20,21,321,206,-6,constant,178.0,82.0,25
24,24_3K_1,Right,0.6927368280078603,1.3661708818102232,1.1461165115857574,1.1920000000000002,0.6375838926174495,99.26856479235022,0.676,1.868,1.436,20,169,467,359,-6,constant,178.0,82.0,25
24,24_3K_1,Right,0.6927368280078603,1.3661708818102232,1.1461165115857574,1.1920000000000002,0.6375838926174495,99.26856479235022,0.676,1.868,1.436,20,169,467,359,-6,constant,178.0,82.0,25
24,24_3K_1,Right,0.6927368280078603,1.3661708818102232,1.1461165115857574,1.1920000000000002,0.6375838926174495,99.26856479235022,0.676,1.868,1.436,20,169,467,359,-6,constant,178.0,82.0,25
24,24_3K_1,Right,0.6927368280078603,1.3661708818102232,1.1461165115857574,1.1920000000000002,0.6375838926174495,99.26856479235022,0.676,1.868,1.436,20,169,467,359,-6,constant,178.0,82.0,25
24,24_4F_1,Left,0.7303148705738473,1.5177392080340248,1.2399830130996936,1.224,0.6176470588235294,101.87247142800528,0.096,1.32,0.852,22,24,330,213,0,self-selected,178.0,82.0,25
24,24_4F_1,Left,0.7303148705738473,1.5177392080340248,1.2399830130996936,1.224,0.6176470588235294,101.87247142800528,0.096,1.32,0.852,22,24,330,213,0,self-selected,178.0,82.0,25
24,24_4F_1,Left,0.7303148705738473,1.5177392080340248,1.2399830130996936,1.224,0.6176470588235294,101.87247142800528,0.096,1.32,0.852,22,24,330,213,0,self-selected,178.0,82.0,25
24,24_4F_1,Left,0.7303148705738473,1.5177392080340248,1.2399830130996936,1.224,0.6176470588235294,101.87247142800528,0.096,1.32,0.852,22,24,330,213,0,self-selected,178.0,82.0,25
24,24_4F_1,Right,0.7109322134312633,1.4412469694745869,1.17365388393696,1.228,0.6156351791530945,99.05196544174616,0.704,1.932,1.46,22,176,483,365,0,self-selected,178.0,82.0,25
24,24_4F_1,Right,0.7109322134312633,1.4412469694745869,1.17365388393696,1.228,0.6156351791530945,99.05196544174616,0.704,1.932,1.46,22,176,483,365,0,self-selected,178.0,82.0,25
24,24_4F_1,Right,0.7109322134312633,1.4412469694745869,1.17365388393696,1.228,0.6156351791530945,99.05196544174616,0.704,1.932,1.46,22,176,483,365,0,self-selected,178.0,82.0,25
24,24_4F_1,Right,0.7109322134312633,1.4412469694745869,1.17365388393696,1.228,0.6156351791530945,99.05196544174616,0.704,1.932,1.46,22,176,483,365,0,self-selected,178.0,82.0,25
24,24_4K_2,Left,0.6887560036404606,1.4201908885451842,1.164090892250151,1.22,0.6229508196721312,101.40812300123233,0.092,1.312,0.852,22,23,328,213,0,constant,178.0,82.0,25
24,24_4K_2,Left,0.6887560036404606,1.4201908885451842,1.164090892250151,1.22,0.6229508196721312,101.40812300123233,0.092,1.312,0.852,22,23,328,213,0,constant,178.0,82.0,25
24,24_4K_2,Left,0.6887560036404606,1.4201908885451842,1.164090892250151,1.22,0.6229508196721312,101.40812300123233,0.092,1.312,0.852,22,23,328,213,0,constant,178.0,82.0,25
24,24_4K_2,Left,0.6887560036404606,1.4201908885451842,1.164090892250151,1.22,0.6229508196721312,101.40812300123233,0.092,1.312,0.852,22,23,328,213,0,constant,178.0,82.0,25
24,24_4K_2,Right,0.672098819257261,1.360854745541889,1.10818790353574,1.228,0.6286644951140066,98.93080051178214,0.692,1.92,1.464,22,173,480,366,0,constant,178.0,82.0,25
24,24_4K_2,Right,0.672098819257261,1.360854745541889,1.10818790353574,1.228,0.6286644951140066,98.93080051178214,0.692,1.92,1.464,22,173,480,366,0,constant,178.0,82.0,25
24,24_4K_2,Right,0.672098819257261,1.360854745541889,1.10818790353574,1.228,0.6286644951140066,98.93080051178214,0.692,1.92,1.464,22,173,480,366,0,constant,178.0,82.0,25
24,24_4K_2,Right,0.672098819257261,1.360854745541889,1.10818790353574,1.228,0.6286644951140066,98.93080051178214,0.692,1.92,1.464,22,173,480,366,0,constant,178.0,82.0,25
25,25_1F_2,Left,0.5545181997912417,1.142155218057631,1.1799124153487923,0.968,0.6239669421487604,127.66892943744584,0.08,1.048,0.684,18,20,262,171,-18,self-selected,177.5,74.5,25
25,25_1F_2,Right,0.5752053423919395,1.1297235297332793,1.186684379971932,0.952,0.5966386554621848,123.7837300019376,0.584,1.536,1.152,18,146,384,288,-18,self-selected,177.5,74.5,25
25,25_1K_2,Left,0.5907200471718328,1.1401972089213783,1.1091412538145704,1.028,0.6381322957198444,112.656537639929,0.092,1.12,0.748,21,23,280,187,-18,constant,177.5,74.5,25
25,25_1K_2,Right,0.5892253531719626,1.1799453963678788,1.161363579102243,1.016,0.6141732283464567,118.26004154610482,0.616,1.632,1.24,21,154,408,310,-18,constant,177.5,74.5,25
25,25_2F_2,Left,0.8205771431848231,1.4972395725918852,1.4678819339136129,1.02,0.5725490196078432,107.3304524337447,0.096,1.116,0.68,22,24,279,170,-12,self-selected,177.5,74.5,25
25,25_2F_2,Right,0.6819035763701559,1.502466446314465,1.502466446314465,1.0,0.608,132.20048977999951,0.58,1.58,1.188,22,145,395,297,-12,self-selected,177.5,74.5,25
25,25_3F_3,Left,0.6601333530593292,1.3881398001518626,1.3245608780075029,1.0479999999999998,0.6030534351145039,120.39030040239082,0.092,1.14,0.724,22,23,285,181,-6,self-selected,177.5,74.5,25
25,25_3F_3,Right,0.6576759977771884,1.3178045330377388,1.2479209593160403,1.056,0.6098484848484849,113.84824413849012,0.612,1.668,1.256,22,153,417,314,-6,self-selected,177.5,74.5,25
25,25_3K_1,Left,0.6611944262207148,1.3228632995003848,1.1644923411094938,1.136,0.6126760563380282,105.6717021435482,0.084,1.22,0.78,19,21,305,195,-6,constant,177.5,74.5,25
25,25_3K_1,Right,0.6731446382185184,1.334338662906974,1.1871340417321832,1.124,0.608540925266904,105.81387484929904,0.656,1.78,1.34,19,164,445,335,-6,constant,177.5,74.5,25
25,25_4F_2,Left,0.6383034498214951,1.3128204232757228,1.1638478929749316,1.128,0.6276595744680852,109.40074599005295,0.08,1.208,0.788,18,20,302,197,0,self-selected,177.5,74.5,25
25,25_4F_2,Right,0.6394020804274629,1.2777042899431914,1.128714037052289,1.132,0.6219081272084805,105.9158928257822,0.648,1.78,1.352,18,162,445,338,0,self-selected,177.5,74.5,25
26,26_1F_3,Left,0.7695898456296743,1.461596047099508,1.3840871658139282,1.0559999999999998,0.5795454545454546,107.9084273531293,0.08,1.136,0.692,18,20,284,173,-18,self-selected,176.0,68.0,27
26,26_1F_3,Right,0.64435509718589,1.4139083988120764,1.3595273065500737,1.04,0.5846153846153845,126.59423158015588,0.612,1.652,1.22,18,153,413,305,-18,self-selected,176.0,68.0,27
26,26_1K_1,Left,0.7338990595004614,1.2902998046029368,1.1603415509019217,1.112,0.5611510791366907,94.86385375872187,0.084,1.196,0.708,20,21,299,177,-18,constant,176.0,68.0,27
26,26_1K_1,Right,0.6396031977377604,1.373498051304685,1.2006101847068924,1.144,0.4860139860139859,112.62703397544428,0.6,1.744,1.156,20,150,436,289,-18,constant,176.0,68.0,27
26,26_2F_3,Left,0.7811339962954832,1.457166743826006,1.2062638607831175,1.208,0.5960264900662252,92.65482233551272,0.088,1.296,0.808,20,22,324,202,-12,self-selected,176.0,68.0,27
26,26_2F_3,Right,0.67497615224438,1.4560193145366769,1.2339146733361668,1.18,0.5864406779661017,109.68517947485223,0.704,1.884,1.396,20,176,471,349,-12,self-selected,176.0,68.0,27
26,26_2K_2,Left,0.7906824478476568,1.4783078420295286,1.1999251964525397,1.232,0.5941558441558441,91.05490071663252,0.104,1.336,0.836,24,26,334,209,-12,constant,176.0,68.0,27
26,26_2K_2,Right,0.6316857478947929,1.4223448090648791,1.1735518226607915,1.212,0.5676567656765676,111.46857372405807,0.732,1.944,1.42,24,183,486,355,-12,constant,176.0,68.0,27
26,26_3F_2,Left,0.7478299845417944,1.4196151910690442,1.2030637212449529,1.18,0.5898305084745764,96.52437688617846,0.096,1.276,0.792,22,24,319,198,-6,self-selected,176.0,68.0,27
26,26_3F_2,Right,0.6277169202829425,1.3754667745122044,1.1736064628943723,1.1720000000000002,0.6109215017064844,112.17857205748452,0.68,1.852,1.396,22,170,463,349,-6,self-selected,176.0,68.0,27
26,26_3K_2,Left,0.7377704971880058,1.3766630806977482,1.1827002411492684,1.164,0.597938144329897,96.1844025200602,0.1,1.264,0.796,23,25,316,199,-6,constant,176.0,68.0,27
26,26_3K_2,Right,0.6327020013055119,1.3702464741632694,1.1495356326873063,1.1920000000000002,0.6073825503355703,109.01204329830134,0.668,1.86,1.392,23,167,465,348,-6,constant,176.0,68.0,27
26,26_4F_1,Left,0.7159573144739424,1.418851868285158,1.1479384047614545,1.236,0.5954692556634305,96.20169092943048,0.088,1.324,0.824,21,22,331,206,0,self-selected,176.0,68.0,27
26,26_4F_1,Right,0.5978131959631338,1.3136181058592686,1.0359764241792342,1.2679999999999998,0.5899053627760252,103.97660317720266,0.684,1.952,1.432,21,171,488,358,0,self-selected,176.0,68.0,27
26,26_4F_2,Left,0.675967066520245,1.3391063032949575,1.0940410974632009,1.224,0.6045751633986928,97.10897039068408,0.1,1.324,0.84,24,25,331,210,0,constant,176.0,68.0,27
26,26_4F_2,Right,0.6101273566356896,1.2859521750424867,1.023847273122999,1.256,0.6050955414012739,100.68526795145924,0.688,1.944,1.448,24,172,486,362,0,constant,176.0,68.0,27
27,27_1F_1,Left,0.702585718776258,1.316899244479419,1.291077690666097,1.02,0.615686274509804,110.25652723897002,0.084,1.104,0.712,20,21,276,178,-18,self-selected,180.0,80.0,28
27,27_1F_1,Right,0.6739066743051945,1.3764170441347257,1.323477927052621,1.04,0.5923076923076923,117.83334199060796,0.588,1.628,1.204,20,147,407,301,-18,self-selected,180.0,80.0,28
27,27_1K_1,Left,0.6916746308854251,1.2880973341215882,1.1542090807541114,1.116,0.5985663082437277,100.12300835234518,0.084,1.2,0.752,20,21,300,188,-18,constant,180.0,80.0,28
27,27_1K_1,Right,0.6725505321434079,1.3641111846469205,1.226718691229245,1.112,0.6294964028776978,109.43879746728132,0.632,1.744,1.332,20,158,436,333,-18,constant,180.0,80.0,28
27,27_2F_3,Left,0.6196680295773719,1.253315738823484,1.0693820297128704,1.172,0.6348122866894198,103.54402473616857,0.084,1.256,0.828,20,21,314,207,-12,self-selected,180.0,80.0,28
27,27_2F_3,Right,0.5906675374896221,1.210161422039295,1.0290488282647066,1.1760000000000002,0.6054421768707481,104.53076523943422,0.684,1.86,1.396,20,171,465,349,-12,self-selected,180.0,80.0,28
27,27_2K_3,Left,0.663597691489537,1.3150520206317429,1.1415382123539437,1.152,0.6180555555555557,103.2135789796016,0.096,1.248,0.808,23,24,312,202,-12,constant,180.0,80.0,28
27,27_2K_3,Right,0.6883133937488566,1.3518669342760148,1.1654025295482884,1.16,0.6172413793103446,101.58766690861516,0.676,1.836,1.392,23,169,459,348,-12,constant,180.0,80.0,28
27,27_3F_2,Left,0.6238378340450392,1.2612481349688465,1.047548284857846,1.204,0.627906976744186,100.75198018037,0.088,1.292,0.844,20,22,323,211,-6,self-selected,180.0,80.0,28
27,27_3F_2,Right,0.6123138445111973,1.2360491014072037,1.0266188549893718,1.204,0.6411960132890366,100.5973192530614,0.688,1.892,1.46,20,172,473,365,-6,self-selected,180.0,80.0,28
27,27_3K_1,Left,0.7012713277957254,1.3481058383143651,1.158166527761482,1.164,0.6357388316151203,99.0914485041242,0.084,1.248,0.824,20,21,312,206,-6,constant,180.0,80.0,28
27,27_3K_1,Right,0.7006160927516535,1.401794314798459,1.1960702344696748,1.1720000000000002,0.6143344709897609,102.4301537041894,0.676,1.848,1.396,20,169,462,349,-6,constant,180.0,80.0,28
27,27_4F_3,Left,0.6911563231326161,1.3790415394428752,1.1229979962889864,1.228,0.6156351791530945,97.48862525332147,0.092,1.32,0.848,22,23,330,212,0,self-selected,180.0,80.0,28
27,27_4F_3,Right,0.668554232613668,1.3596743746111255,1.1072266894227407,1.228,0.6286644951140066,99.3690535854462,0.692,1.92,1.464,22,173,480,366,0,self-selected,180.0,80.0,28
27,27_4K_1,Left,0.6864185269856701,1.3772116501970324,1.1325753702278227,1.216,0.618421052631579,98.99867142584864,0.092,1.308,0.844,21,23,327,211,0,constant,180.0,80.0,28
27,27_4K_1,Right,0.6531333333090742,1.339538787511794,1.097982612714585,1.22,0.619672131147541,100.86601525771464,0.696,1.916,1.452,21,174,479,363,0,constant,180.0,80.0,28
29,29_1F_2,Left,0.5441800998595915,1.0947414648616405,1.0991380169293576,0.996,0.6265060240963854,121.18833642166872,0.076,1.072,0.7,18,19,268,175,-18,self-selected,174.0,73.0,27
29,29_1F_2,Right,0.5964967220498919,1.1406129636336757,1.1406129636336757,1.0,0.632,114.73118843442091,0.572,1.572,1.204,18,143,393,301,-18,self-selected,174.0,73.0,27
29,29_1K_1,Left,0.539502320227779,1.0263852235373947,1.0872724825607991,0.944,0.6313559322033899,120.91949655768865,0.084,1.028,0.68,20,21,257,170,-18,constant,174.0,73.0,27
29,29_1K_1,Right,0.6035112928996371,1.142878242292691,1.1758006607949496,0.972,0.6172839506172838,116.89597274765327,0.552,1.524,1.152,20,138,381,288,-18,constant,174.0,73.0,27
29,29_2F_1,Left,0.5197487985763113,1.0640657614525657,0.946677723712247,1.124,0.6370106761565837,109.28483832636536,0.1,1.224,0.816,23,25,306,204,-12,self-selected,174.0,73.0,27
29,29_2F_1,Right,0.563140500495093,1.0828889006724542,0.9303169249763352,1.164,0.6151202749140892,99.1209395337505,0.672,1.836,1.388,23,168,459,347,-12,self-selected,174.0,73.0,27
29,29_2K_2,Left,0.5798467594762211,1.1504585834145238,1.123494710365746,1.0239999999999998,0.6445312500000001,116.2543060218812,0.104,1.128,0.764,25,26,282,191,-12,constant,174.0,73.0,27
29,29_2K_2,Right,0.6287959384868583,1.208642458500076,1.17116517296519,1.032,0.6317829457364341,111.75312383061778,0.608,1.64,1.26,25,152,410,315,-12,constant,174.0,73.0,27
29,29_3F_1,Left,0.602840129144729,1.220759270870452,1.160417557861647,1.0519999999999998,0.6425855513307986,115.4950543363435,0.08,1.132,0.756,18,20,283,189,-6,self-selected,174.0,73.0,27
29,29_3F_1,Right,0.673751005518861,1.2765520352989097,1.2042943729234994,1.06,0.6226415094339622,107.2468341917557,0.604,1.664,1.264,18,151,416,316,-6,self-selected,174.0,73.0,27
29,29_4F_1,Left,0.6531881482234688,1.2733249684627013,1.1053168129016504,1.152,0.6527777777777778,101.5312493872898,0.084,1.236,0.836,20,21,309,209,0,self-selected,174.0,73.0,27
29,29_4F_1,Right,0.6484121922754482,1.3016000871113385,1.1298611867285924,1.152,0.6527777777777776,104.55027220542662,0.644,1.796,1.396,20,161,449,349,0,self-selected,174.0,73.0,27
29,29_4K_2,Left,0.685378269300443,1.2678336915502173,1.1239660386083488,1.128,0.6312056737588654,98.39524440326072,0.092,1.22,0.804,22,23,305,201,0,constant,174.0,73.0,27
29,29_4K_2,Right,0.7632519538887749,1.448613552977173,1.2031674028049608,1.2040000000000002,0.5980066445182725,94.5821937310331,0.636,1.84,1.356,22,159,460,339,0,constant,174.0,73.0,27
30,30_1F_1,Left,0.6540894520951448,1.251520941261273,1.1377463102375207,1.1,0.6036363636363637,104.36612055979364,0.084,1.184,0.748,20,21,296,187,-18,self-selected,173.0,68.0,27
30,30_1F_1,Left,0.6540894520951448,1.251520941261273,1.1377463102375207,1.1,0.6036363636363637,104.36612055979364,0.084,1.184,0.748,20,21,296,187,-18,self-selected,173.0,68.0,27
30,30_1F_1,Left,0.6540894520951448,1.251520941261273,1.1377463102375207,1.1,0.6036363636363637,104.36612055979364,0.084,1.184,0.748,20,21,296,187,-18,self-selected,173.0,68.0,27
30,30_1F_1,Left,0.6540894520951448,1.251520941261273,1.1377463102375207,1.1,0.6036363636363637,104.36612055979364,0.084,1.184,0.748,20,21,296,187,-18,self-selected,173.0,68.0,27
30,30_1F_1,Right,0.6388023669665625,1.292757913106482,1.1838442427715037,1.092,0.5970695970695971,111.19347428781248,0.628,1.72,1.28,20,157,430,320,-18,self-selected,173.0,68.0,27
30,30_1F_1,Right,0.6388023669665625,1.292757913106482,1.1838442427715037,1.092,0.5970695970695971,111.19347428781248,0.628,1.72,1.28,20,157,430,320,-18,self-selected,173.0,68.0,27
30,30_1F_1,Right,0.6388023669665625,1.292757913106482,1.1838442427715037,1.092,0.5970695970695971,111.19347428781248,0.628,1.72,1.28,20,157,430,320,-18,self-selected,173.0,68.0,27
30,30_1F_1,Right,0.6388023669665625,1.292757913106482,1.1838442427715037,1.092,0.5970695970695971,111.19347428781248,0.628,1.72,1.28,20,157,430,320,-18,self-selected,173.0,68.0,27
30,30_1K_2,Left,0.6765601094788013,1.3079851746048057,1.1977886214329725,1.092,0.5787545787545788,106.22458563414634,0.112,1.204,0.744,27,28,301,186,-18,constant,173.0,68.0,27
30,30_1K_2,Left,0.6765601094788013,1.3079851746048057,1.1977886214329725,1.092,0.5787545787545788,106.22458563414634,0.112,1.204,0.744,27,28,301,186,-18,constant,173.0,68.0,27
30,30_1K_2,Left,0.6765601094788013,1.3079851746048057,1.1977886214329725,1.092,0.5787545787545788,106.22458563414634,0.112,1.204,0.744,27,28,301,186,-18,constant,173.0,68.0,27
30,30_1K_2,Left,0.6765601094788013,1.3079851746048057,1.1977886214329725,1.092,0.5787545787545788,106.22458563414634,0.112,1.204,0.744,27,28,301,186,-18,constant,173.0,68.0,27
30,30_1K_2,Right,0.7114358131108028,1.3878428227615198,1.2435867587468814,1.116,0.5985663082437276,104.87974340025517,0.648,1.764,1.316,27,162,441,329,-18,constant,173.0,68.0,27
30,30_1K_2,Right,0.7114358131108028,1.3878428227615198,1.2435867587468814,1.116,0.5985663082437276,104.87974340025517,0.648,1.764,1.316,27,162,441,329,-18,constant,173.0,68.0,27
30,30_1K_2,Right,0.7114358131108028,1.3878428227615198,1.2435867587468814,1.116,0.5985663082437276,104.87974340025517,0.648,1.764,1.316,27,162,441,329,-18,constant,173.0,68.0,27
30,30_1K_2,Right,0.7114358131108028,1.3878428227615198,1.2435867587468814,1.116,0.5985663082437276,104.87974340025517,0.648,1.764,1.316,27,162,441,329,-18,constant,173.0,68.0,27
30,30_2F_3,Left,0.7180480689961642,1.3912119743523452,1.2246584281270645,1.136,0.591549295774648,102.332293422011,0.096,1.232,0.768,22,24,308,192,-12,self-selected,173.0,68.0,27
30,30_2F_3,Left,0.7180480689961642,1.3912119743523452,1.2246584281270645,1.136,0.591549295774648,102.332293422011,0.096,1.232,0.768,22,24,308,192,-12,self-selected,173.0,68.0,27
30,30_2F_3,Left,0.7180480689961642,1.3912119743523452,1.2246584281270645,1.136,0.591549295774648,102.332293422011,0.096,1.232,0.768,22,24,308,192,-12,self-selected,173.0,68.0,27
30,30_2F_3,Left,0.7180480689961642,1.3912119743523452,1.2246584281270645,1.136,0.591549295774648,102.332293422011,0.096,1.232,0.768,22,24,308,192,-12,self-selected,173.0,68.0,27
30,30_2F_3,Right,0.6615813143798871,1.3795086933986531,1.2143562441889553,1.136,0.5915492957746479,110.13215317248142,0.644,1.78,1.316,22,161,445,329,-12,self-selected,173.0,68.0,27
30,30_2F_3,Right,0.6615813143798871,1.3795086933986531,1.2143562441889553,1.136,0.5915492957746479,110.13215317248142,0.644,1.78,1.316,22,161,445,329,-12,self-selected,173.0,68.0,27
30,30_2F_3,Right,0.6615813143798871,1.3795086933986531,1.2143562441889553,1.136,0.5915492957746479,110.13215317248142,0.644,1.78,1.316,22,161,445,329,-12,self-selected,173.0,68.0,27
30,30_2F_3,Right,0.6615813143798871,1.3795086933986531,1.2143562441889553,1.136,0.5915492957746479,110.13215317248142,0.644,1.78,1.316,22,161,445,329,-12,self-selected,173.0,68.0,27
30,30_3F_2,Left,0.7027768381156735,1.3877006452440632,1.2130250395490063,1.144,0.5944055944055945,103.56275054267071,0.088,1.232,0.768,21,22,308,192,-6,self-selected,173.0,68.0,27
30,30_3F_2,Left,0.7027768381156735,1.3877006452440632,1.2130250395490063,1.144,0.5944055944055945,103.56275054267071,0.088,1.232,0.768,21,22,308,192,-6,self-selected,173.0,68.0,27
30,30_3F_2,Left,0.7027768381156735,1.3877006452440632,1.2130250395490063,1.144,0.5944055944055945,103.56275054267071,0.088,1.232,0.768,21,22,308,192,-6,self-selected,173.0,68.0,27
30,30_3F_2,Left,0.7027768381156735,1.3877006452440632,1.2130250395490063,1.144,0.5944055944055945,103.56275054267071,0.088,1.232,0.768,21,22,308,192,-6,self-selected,173.0,68.0,27
30,30_3F_2,Right,0.6941678117066609,1.3968562297932103,1.225312482274746,1.14,0.6070175438596491,105.90918751437594,0.648,1.788,1.34,21,162,447,335,-6,self-selected,173.0,68.0,27
30,30_3F_2,Right,0.6941678117066609,1.3968562297932103,1.225312482274746,1.14,0.6070175438596491,105.90918751437594,0.648,1.788,1.34,21,162,447,335,-6,self-selected,173.0,68.0,27
30,30_3F_2,Right,0.6941678117066609,1.3968562297932103,1.225312482274746,1.14,0.6070175438596491,105.90918751437594,0.648,1.788,1.34,21,162,447,335,-6,self-selected,173.0,68.0,27
30,30_3F_2,Right,0.6941678117066609,1.3968562297932103,1.225312482274746,1.14,0.6070175438596491,105.90918751437594,0.648,1.788,1.34,21,162,447,335,-6,self-selected,173.0,68.0,27
30,30_3F_3,Left,0.6868982389433439,1.3520619451675442,1.198636476212362,1.128,0.6063829787234044,104.69991695330816,0.088,1.216,0.772,21,22,304,193,-6,constant,173.0,68.0,27
30,30_3F_3,Left,0.6868982389433439,1.3520619451675442,1.198636476212362,1.128,0.6063829787234044,104.69991695330816,0.088,1.216,0.772,21,22,304,193,-6,constant,173.0,68.0,27
30,30_3F_3,Left,0.6868982389433439,1.3520619451675442,1.198636476212362,1.128,0.6063829787234044,104.69991695330816,0.088,1.216,0.772,21,22,304,193,-6,constant,173.0,68.0,27
30,30_3F_3,Left,0.6868982389433439,1.3520619451675442,1.198636476212362,1.128,0.6063829787234044,104.69991695330816,0.088,1.216,0.772,21,22,304,193,-6,constant,173.0,68.0,27
30,30_3F_3,Right,0.6725746067909811,1.3593605690299049,1.2268597193410693,1.108,0.5884476534296028,109.44746116967325,0.664,1.772,1.316,21,166,443,329,-6,constant,173.0,68.0,27
30,30_3F_3,Right,0.6725746067909811,1.3593605690299049,1.2268597193410693,1.108,0.5884476534296028,109.44746116967325,0.664,1.772,1.316,21,166,443,329,-6,constant,173.0,68.0,27
30,30_3F_3,Right,0.6725746067909811,1.3593605690299049,1.2268597193410693,1.108,0.5884476534296028,109.44746116967325,0.664,1.772,1.316,21,166,443,329,-6,constant,173.0,68.0,27
30,30_3F_3,Right,0.6725746067909811,1.3593605690299049,1.2268597193410693,1.108,0.5884476534296028,109.44746116967325,0.664,1.772,1.316,21,166,443,329,-6,constant,173.0,68.0,27
30,30_4F_2,Left,0.7193253177773601,1.4263747383064524,1.188645615255377,1.2,0.6166666666666667,99.1467075504725,0.1,1.3,0.84,23,25,325,210,0,constant,173.0,68.0,27
30,30_4F_2,Left,0.7193253177773601,1.4263747383064524,1.188645615255377,1.2,0.6166666666666667,99.1467075504725,0.1,1.3,0.84,23,25,325,210,0,constant,173.0,68.0,27
30,30_4F_2,Left,0.7193253177773601,1.4263747383064524,1.188645615255377,1.2,0.6166666666666667,99.1467075504725,0.1,1.3,0.84,23,25,325,210,0,constant,173.0,68.0,27
30,30_4F_2,Left,0.7193253177773601,1.4263747383064524,1.188645615255377,1.2,0.6166666666666667,99.1467075504725,0.1,1.3,0.84,23,25,325,210,0,constant,173.0,68.0,27
30,30_4F_2,Right,0.6992741771741472,1.4184649525269293,1.1860074853904092,1.196,0.6020066889632107,101.76330178670786,0.708,1.904,1.428,23,177,476,357,0,constant,173.0,68.0,27
30,30_4F_2,Right,0.6992741771741472,1.4184649525269293,1.1860074853904092,1.196,0.6020066889632107,101.76330178670786,0.708,1.904,1.428,23,177,476,357,0,constant,173.0,68.0,27
30,30_4F_2,Right,0.6992741771741472,1.4184649525269293,1.1860074853904092,1.196,0.6020066889632107,101.76330178670786,0.708,1.904,1.428,23,177,476,357,0,constant,173.0,68.0,27
30,30_4F_2,Right,0.6992741771741472,1.4184649525269293,1.1860074853904092,1.196,0.6020066889632107,101.76330178670786,0.708,1.904,1.428,23,177,476,357,0,constant,173.0,68.0,27
30,30_4F_3,Left,0.6939579496446995,1.3800795063855893,1.1577848207932795,1.192,0.6174496644295302,100.10273573948298,0.084,1.276,0.82,20,21,319,205,0,self-selected,173.0,68.0,27
30,30_4F_3,Left,0.6939579496446995,1.3800795063855893,1.1577848207932795,1.192,0.6174496644295302,100.10273573948298,0.084,1.276,0.82,20,21,319,205,0,self-selected,173.0,68.0,27
30,30_4F_3,Left,0.6939579496446995,1.3800795063855893,1.1577848207932795,1.192,0.6174496644295302,100.10273573948298,0.084,1.276,0.82,20,21,319,205,0,self-selected,173.0,68.0,27
30,30_4F_3,Left,0.6939579496446995,1.3800795063855893,1.1577848207932795,1.192,0.6174496644295302,100.10273573948298,0.084,1.276,0.82,20,21,319,205,0,self-selected,173.0,68.0,27
30,30_4F_3,Right,0.6832733003630715,1.3770507918258723,1.1591336631530913,1.1880000000000002,0.6127946127946126,101.7865322005553,0.68,1.868,1.408,20,170,467,352,0,self-selected,173.0,68.0,27
30,30_4F_3,Right,0.6832733003630715,1.3770507918258723,1.1591336631530913,1.1880000000000002,0.6127946127946126,101.7865322005553,0.68,1.868,1.408,20,170,467,352,0,self-selected,173.0,68.0,27
30,30_4F_3,Right,0.6832733003630715,1.3770507918258723,1.1591336631530913,1.1880000000000002,0.6127946127946126,101.7865322005553,0.68,1.868,1.408,20,170,467,352,0,self-selected,173.0,68.0,27
30,30_4F_3,Right,0.6832733003630715,1.3770507918258723,1.1591336631530913,1.1880000000000002,0.6127946127946126,101.7865322005553,0.68,1.868,1.408,20,170,467,352,0,self-selected,173.0,68.0,27
11,11_4F_2,Left,0.7919070961710452,1.544899769851674,1.3410588279962443,1.152,0.6006944444444443,101.60728457772936,0.128,1.28,0.82,30,32,320,205,0,self-selected,180.0,76.0,23
11,11_4F_2,Right,0.6816668359107853,1.4735621681309057,1.306349439832363,1.128,0.6099290780141843,114.98427422424884,0.7,1.828,1.388,30,175,457,347,0,self-selected,180.0,76.0,23
12,12_1F_2,Left,0.57082745614107,1.1384283842231555,1.0946426771376496,1.0399999999999998,0.6115384615384617,115.05851710823748,0.108,1.148,0.744,25,27,287,186,-18,self-selected,187.0,67.0,25
12,12_1F_2,Right,0.5902027421517999,1.160994734220411,1.0994268316481164,1.056,0.6060606060606061,111.76771164834857,0.628,1.684,1.268,25,157,421,317,-18,self-selected,187.0,67.0,25
12,12_1K_2,Left,0.5538287808286405,1.1342796066006204,1.1252773875006157,1.008,0.5992063492063492,121.90887434383292,0.12,1.128,0.724,28,30,282,181,-18,constant,187.0,67.0,25
12,12_1K_2,Right,0.5968034302985068,1.1506194189947063,1.1192795904617767,1.028,0.603112840466926,112.52746217312524,0.612,1.64,1.232,28,153,410,308,-18,constant,187.0,67.0,25
12,12_2F_1,Left,0.5547695439772883,1.1613661274124587,1.1385942425612343,1.0199999999999998,0.635294117647059,123.14240263425644,0.116,1.136,0.764,27,29,284,191,-12,self-selected,187.0,67.0,25
12,12_2F_1,Right,0.6426397573815495,1.1973812870406388,1.1469169416098073,1.044,0.5900383141762452,107.08179147984372,0.644,1.688,1.26,27,161,422,315,-12,self-selected,187.0,67.0,25
12,12_3F_2,Left,0.5880618115086301,1.2219163079150013,1.1659506754914135,1.0479999999999998,0.6259541984732826,118.96205324065356,0.096,1.144,0.752,22,24,286,188,-6,self-selected,187.0,67.0,25
12,12_3F_2,Right,0.6404998151533429,1.2285535556773934,1.137549588590179,1.08,0.6037037037037036,106.56205310390324,0.62,1.7,1.272,22,155,425,318,-6,self-selected,187.0,67.0,25
12,12_3F_3,Left,0.5957216589743829,1.2507392194367903,1.198026072257462,1.044,0.6168582375478927,120.66300301923177,0.128,1.172,0.772,31,32,293,193,-6,constant,187.0,67.0,25
12,12_3F_3,Right,0.6282326805963524,1.2239370365470843,1.1590312846089812,1.056,0.5909090909090908,110.69445959182823,0.668,1.724,1.292,31,167,431,323,-6,constant,187.0,67.0,25
12,12_4F_1,Left,0.5568622499975732,1.1735346960929114,1.0866062000860293,1.0799999999999998,0.6370370370370372,117.07809607393187,0.088,1.168,0.776,21,22,292,194,0,self-selected,187.0,67.0,25
12,12_4F_1,Right,0.6706022099224214,1.2274566893884336,1.1323401193620235,1.084,0.6309963099630996,101.31253097060493,0.644,1.728,1.328,21,161,432,332,0,self-selected,187.0,67.0,25
12,12_4F_3,Left,0.5833154726527905,1.2357324022854348,1.1357834579829362,1.088,0.6397058823529411,116.82701843833934,0.128,1.216,0.824,31,32,304,206,0,constant,187.0,67.0,25
12,12_4F_3,Right,0.639547434251717,1.222850778429447,1.1280911240124047,1.084,0.6346863468634687,105.83338125644676,0.68,1.764,1.368,31,170,441,342,0,constant,187.0,67.0,25
15,15_3K_2,Left,0.7346890176539849,1.44950291663922,1.1727369875721845,1.236,0.6051779935275081,95.77415418433594,0.1,1.336,0.848,23,25,334,212,-6,constant,175.0,64.0,21
15,15_3K_2,Right,0.762056836447384,1.496737613995135,1.226834109832078,1.22,0.5967213114754099,96.59390621450984,0.724,1.944,1.452,23,181,486,363,-6,constant,175.0,64.0,21
16,16_1K_2,Left,0.6603310535164582,1.3437607857444114,1.1123847564109366,1.208,0.6324503311258278,101.07518801248182,0.028,1.236,0.792,6,7,309,198,-18,constant,186.0,90.0,20
16,16_1K_2,Right,0.7343996357552068,1.3947127369380934,1.1394711903088997,1.2240000000000002,0.6372549019607842,93.0940976682657,0.628,1.852,1.408,6,157,463,352,-18,constant,186.0,90.0,20
20,20_1F_2,Left,0.7567167996093367,1.4801801556002538,1.2984036452633807,1.14,0.5894736842105264,102.95029627467204,0.096,1.236,0.768,22,24,309,192,-18,self-selected,182.0,62.0,28
20,20_1F_2,Right,0.7456787706731752,1.5023941764801632,1.2819062939250536,1.1720000000000002,0.5870307167235495,103.14679813945534,0.66,1.832,1.348,22,165,458,337,-18,self-selected,182.0,62.0,28
25,25_2K_3,Left,0.6204668201808045,1.2547773358560503,1.166149940386664,1.0759999999999998,0.6059479553903346,112.76831274041508,0.092,1.168,0.744,22,23,292,186,-12,constant,177.5,74.5,25
25,25_2K_3,Right,0.6010213226813225,1.2214552463671564,1.1835806650844538,1.032,0.6162790697674418,118.15693923844562,0.624,1.656,1.26,22,156,414,315,-12,constant,177.5,74.5,25
15,15_4F_3,Left,0.8111699144544638,1.6766837043516667,1.569928562127029,1.0679999999999998,0.5955056179775282,116.12328323464904,0.092,1.16,0.728,21,23,290,182,0,self-selected,175.0,64.0,21
15,15_4F_3,Right,0.8034725526986205,1.6146420439317506,1.4950389295664357,1.08,0.5925925925925926,111.64331061802076,0.628,1.708,1.268,21,157,427,317,0,self-selected,175.0,64.0,21
15,15_4K_2,Left,0.7300941661047731,1.4740432388974731,1.1624946679002155,1.268,0.6277602523659306,95.53518342181002,0.084,1.352,0.88,20,21,338,220,0,constant,175.0,64.0,21
15,15_4K_2,Right,0.7728627376660047,1.5029492479325024,1.2159783559324453,1.236,0.6084142394822006,94.40059379273124,0.74,1.976,1.492,20,185,494,373,0,constant,175.0,64.0,21
